Lea,Novak,3,20.10.2025 15:31:22
Ivana,Mravak,3,12.10.2025 20:08:51
Luka,Buljan,3,09.10.2025 12:57:19
Helena,Đurić,3,02.10.2025 13:20:03
Damir,Buljan,3,21.10.2025 21:09:05
Helena,Mlinarić,3,23.10.2025 01:12:14
Tomislav,Jurić,3,20.10.2025 11:08:56
Sara,Sertić,3,22.10.2025 00:34:11
Luka,Marić,3,03.10.2025 16:15:32
Katarina,Zorić,3,11.10.2025 07:09:00
Iva,Franjić,3,10.10.2025 01:51:16
Andrej,Kralj,3,06.10.2025 18:22:05
Lea,Blažević,3,11.10.2025 04:36:59
Lea,Vidić,3,14.10.2025 00:35:03
Lea,Vidić,3,04.10.2025 08:01:07
Lea,Vidić,3,01.10.2025 11:40:08
Lea,Vidić,3,04.10.2025 01:27:53
Lea,Vidić,3,27.10.2025 22:29:30
Lea,Vidić,3,04.10.2025 12:53:38
Lea,Vidić,3,04.10.2025 16:53:00
Karlo,Križan,3,29.10.2025 11:36:51
Dario,Mravak,3,18.10.2025 14:48:02
Karlo,Novak,3,30.10.2025 12:08:37
Sara,Sertić,3,10.10.2025 09:46:57
Lucija,Matić,3,04.10.2025 23:03:39
Andrej,Stjepanović,3,29.10.2025 20:46:21
Filip,Blažević,3,21.10.2025 06:26:17
Lucija,Bandić,3,20.10.2025 22:37:42
Fran,Vidić,3,24.10.2025 08:15:43
Ema,Grgić,3,02.10.2025 05:03:51