Ime, Prezime, Oznaka aranžmana, Datum i vrijeme
Lea,Novak,3,20.10.2025 15:31:22
Andrej,Lovrić,1,10.10.2025 12:10:54
Ivana,Mravak,3,12.10.2025 20:08:51
Maja,Matić,1,14.10.2025 00:23:45
Luka,Buljan,3,09.10.2025 12:57:19
Helena,Đurić,3,02.10.2025 13:20:03
Ante,Pavić,4,30.10.2025 02:07:44
Damir,Buljan,3,21.10.2025 21:09:05
Tea,Blažević,2,04.10.2025 08:42:32
Helena,Mlinarić,3,23.10.2025 01:12:14
Damir,Klarić,2,13.10.2025 12:10:09
Ema,Novak,2,07.10.2025 04:47:44
Tomislav,Jurić,3,20.10.2025 11:08:56
Dorotea,Križan,2,06.10.2025 17:13:45
Luka,Jurjević,2,26.10.2025 04:06:27
Helena,Jurić,2,05.10.2025 13:10:40
Karlo,Novak,1,03.10.2025 21:37:37
Sara,Sertić,3,22.10.2025 00:34:11
Ivana,Mravak,2,30.10.2025 10:04:32
Lovro,Vuković,4,14.10.2025 08:35:02
Marija,Blažević,4,02.10.2025 12:48:05
Lea,Radić,1,07.10.2025 15:21:55
Lana,Lovrić,1,16.10.2025 12:30:15
Marko,Zubović,2,20.10.2025 06:27:34
Dario,Novak,2,12.10.2025 18:29:56
Ivan,Babić,1,06.10.2025 18:29:33
Matej,Tomić,4,14.10.2025 21:02:22
Tea,Kovač,4,13.10.2025 10:28:15
Katarina,Tomić,2,28.10.2025 15:27:25
Tomislav,Vuković,2,20.10.2025 14:45:39
Helena,Novak,2,06.10.2025 10:43:52
Nina,Zorić,4,05.10.2025 13:38:02
Luka,Marić,3,03.10.2025 16:15:32
Sara,Jurjević,2,20.10.2025 12:50:49
Sara,Petrović,2,23.10.2025 14:25:08
Damir,Buljan,4,29.10.2025 04:00:53
Katarina,Buljan,2,02.10.2025 02:56:16
Tena,Barišić,2,29.10.2025 16:56:55
Katarina,Zorić,3,11.10.2025 07:09:00
Petar,Perić,1,28.10.2025 08:04:23
Iva,Franjić,3,10.10.2025 01:51:16
Paula,Miletić,4,12.10.2025 21:40:42
Andrej,Kralj,3,06.10.2025 18:22:05
Karlo,Križan,3,29.10.2025 11:36:51
Marin,Matić,1,27.10.2025 05:51:21
Dario,Mravak,3,18.10.2025 14:48:02
Martina,Pavlović,2,30.10.2025 23:53:28
Marin,Radić,4,14.10.2025 05:08:00
Marija,Mravak,1,12.10.2025 11:15:51
Andrej,Lovrić,1,01.10.2025 16:12:40
Karlo,Novak,3,30.10.2025 12:08:37
Dario,Sertić,1,21.10.2025 21:59:32
Tena,Petrović,4,20.10.2025 16:17:09
Helena,Vuković,4,20.10.2025 07:27:17
Lana,Petrović,1,06.10.2025 04:50:50
Nikola,Križan,4,27.10.2025 00:58:21
Marin,Križan,2,22.10.2025 18:03:29
Sara,Sertić,3,10.10.2025 09:46:57
Ivana,Kralj,4,27.10.2025 06:56:58
Katarina,Kralj,4,19.10.2025 14:17:22
Lucija,Matić,3,04.10.2025 23:03:39
Maja,Knežević,1,22.10.2025 11:05:11
Maja,Šimić,1,19.10.2025 19:30:04
Andrej,Stjepanović,3,29.10.2025 20:46:21
Petar,Zubović,4,22.10.2025 16:27:54
Filip,Blažević,3,21.10.2025 06:26:17
Martina,Horvat,1,29.10.2025 07:29:47
Ana,Zorić,1,14.10.2025 11:05:05
Marin,Kovačević,2,05.10.2025 11:51:31
Maja,Buljan,1,17.10.2025 23:45:58
Lucija,Bandić,3,20.10.2025 22:37:42
Fran,Vidić,3,24.10.2025 08:15:43
Paula,Barišić,2,11.10.2025 11:35:15
Helena,Šimić,4,19.10.2025 20:13:03
Ivan,Jurić,3,27.10.2025 22:29:30
Domagoj,Klarić,3,04.10.2025 12:53:38
Lana,Buljan,1,06.10.2025 18:59:00
Zvonimir,Đurić,4,06.10.2025 23:49:28
Ema,Grgić,3,02.10.2025 05:03:51
Lucija,Jurjević,2,10.10.2025 20:11:00
Ana,Radić,1,11.10.2025 00:44:53
Tea,Blažević,3,11.10.2025 04:36:59
Martina,Vidić,3,14.10.2025 00:35:03
Lucija,Horvat,4,29.10.2025 13:27:18
Sara,Kovač,3,04.10.2025 08:01:07
Paula,Miletić,2,09.10.2025 11:10:02
Marko,Zubović,1,19.10.2025 05:28:45
Ema,Grgić,3,01.10.2025 11:40:08
Fran,Stjepanović,4,18.10.2025 21:09:09
Iva,Šimić,2,08.10.2025 18:21:39
Lea,Kovač,4,11.10.2025 16:20:23
Karlo,Buljan,1,08.10.2025 08:18:53
Ivan,Bandić,4,07.10.2025 14:54:41
Lea,Vidić,3,04.10.2025 01:27:53
Tena,Jurić,4,24.10.2025 16:11:46
Ema,Vuković,2,23.10.2025 07:05:01
Helena,Novak,2,13.10.2025 13:12:31
Martina,Pavić,2,06.10.2025 09:44:22
Josip,Božić,4,22.10.2025 02:41:48
Andreja,Novak,1,08.10.2025 11:45:26
